question,answer
"predictions row: pod=inventory-sync-1edffb12-1f0e ns=payments use_case_name=memory_leak leak_probability=0.5329 risk_level=MEDIUM lstm=0.5018 online_rf=0.9544 isolation_forest=0.1426. Should we act, and how?","Watch, don't act: MEDIUM risk with model disagreement means noisy signal. Add inventory-sync to the prediction_schedule at a tighter interval and alert only if two consecutive windows stay above 0.65."
"predictions row: pod=auth-gateway-1f55d745-94eb ns=notifications use_case_name=memory_leak leak_probability=0.5027 risk_level=MEDIUM lstm=0.7092 online_rf=0.3156 isolation_forest=0.4833. Should we act, and how?","Watch, don't act: MEDIUM risk with model disagreement means noisy signal. Add auth-gateway to the prediction_schedule at a tighter interval and alert only if two consecutive windows stay above 0.65."
"predictions row: pod=checkout-web-cc08333-9f93 ns=search use_case_name=memory_leak leak_probability=0.6489 risk_level=MEDIUM lstm=0.9597 online_rf=0.9207 isolation_forest=0.0663. Should we act, and how?","Watch, don't act: MEDIUM risk with model disagreement means noisy signal. Add checkout-web to the prediction_schedule at a tighter interval and alert only if two consecutive windows stay above 0.65."
"predictions row: pod=pricing-engine-34793428-10363 ns=payments use_case_name=memory_leak leak_probability=0.5727 risk_level=MEDIUM lstm=0.9503 online_rf=0.468 isolation_forest=0.2999. Should we act, and how?","Watch, don't act: MEDIUM risk with model disagreement means noisy signal. Add pricing-engine to the prediction_schedule at a tighter interval and alert only if two consecutive windows stay above 0.65."
"predictions row: pod=auth-gateway-4c67509-129b6 ns=checkout use_case_name=memory_leak leak_probability=0.3909 risk_level=LOW lstm=0.134 online_rf=0.7452 isolation_forest=0.2935. Should we act, and how?",No action — LOW probability and no anomaly flag. Keep the baseline: this row feeds pod_baselines so the model keeps learning auth-gateway's normal profile.
"predictions row: pod=notify-worker-269d8b55-1436a ns=checkout use_case_name=memory_leak leak_probability=0.7007 risk_level=HIGH lstm=0.5231 online_rf=0.8748 isolation_forest=0.7041. Should we act, and how?","Yes — the ensemble agrees (spread 0.35), HIGH risk of a memory leak on notify-worker. Schedule a rolling restart in the next maintenance window, capture a heap profile before it, and raise the memory limit as a stopgap so the OOM does not land mid-traffic."
"predictions row: pod=auth-gateway-39740293-f8e7 ns=auth use_case_name=memory_leak leak_probability=0.516 risk_level=MEDIUM lstm=0.4165 online_rf=0.1979 isolation_forest=0.9335. Should we act, and how?","Watch, don't act: MEDIUM risk with model disagreement means noisy signal. Add auth-gateway to the prediction_schedule at a tighter interval and alert only if two consecutive windows stay above 0.65."
"predictions row: pod=pricing-engine-13532a71-17451 ns=auth use_case_name=memory_leak leak_probability=0.2983 risk_level=LOW lstm=0.1809 online_rf=0.3699 isolation_forest=0.344. Should we act, and how?",No action — LOW probability and no anomaly flag. Keep the baseline: this row feeds pod_baselines so the model keeps learning pricing-engine's normal profile.
"predictions row: pod=notify-worker-14c56339-18060 ns=payments use_case_name=memory_leak leak_probability=0.5697 risk_level=MEDIUM lstm=0.3646 online_rf=0.4204 isolation_forest=0.9241. Should we act, and how?","Watch, don't act: MEDIUM risk with model disagreement means noisy signal. Add notify-worker to the prediction_schedule at a tighter interval and alert only if two consecutive windows stay above 0.65."
"predictions row: pod=auth-gateway-c00c01-17ad5 ns=notifications use_case_name=memory_leak leak_probability=0.377 risk_level=LOW lstm=0.3195 online_rf=0.3962 isolation_forest=0.4154. Should we act, and how?",No action — LOW probability and no anomaly flag. Keep the baseline: this row feeds pod_baselines so the model keeps learning auth-gateway's normal profile.
"predictions row: pod=checkout-web-3b3a01e6-db29 ns=inventory use_case_name=memory_leak leak_probability=0.6361 risk_level=MEDIUM lstm=0.7528 online_rf=0.8445 isolation_forest=0.311. Should we act, and how?","Watch, don't act: MEDIUM risk with model disagreement means noisy signal. Add checkout-web to the prediction_schedule at a tighter interval and alert only if two consecutive windows stay above 0.65."
"predictions row: pod=payments-api-1247a67d-14519 ns=notifications use_case_name=memory_leak leak_probability=0.4997 risk_level=MEDIUM lstm=0.9201 online_rf=0.2819 isolation_forest=0.2971. Should we act, and how?","Watch, don't act: MEDIUM risk with model disagreement means noisy signal. Add payments-api to the prediction_schedule at a tighter interval and alert only if two consecutive windows stay above 0.65."
"predictions row: pod=notify-worker-317bd73e-bf27 ns=checkout use_case_name=memory_leak leak_probability=0.435 risk_level=MEDIUM lstm=0.7802 online_rf=0.4478 isolation_forest=0.077. Should we act, and how?","Watch, don't act: MEDIUM risk with model disagreement means noisy signal. Add notify-worker to the prediction_schedule at a tighter interval and alert only if two consecutive windows stay above 0.65."
"predictions row: pod=orders-consumer-23268dd4-6828 ns=search use_case_name=memory_leak leak_probability=0.5154 risk_level=MEDIUM lstm=0.7192 online_rf=0.096 isolation_forest=0.7311. Should we act, and how?","Watch, don't act: MEDIUM risk with model disagreement means noisy signal. Add orders-consumer to the prediction_schedule at a tighter interval and alert only if two consecutive windows stay above 0.65."
"predictions row: pod=pricing-engine-302bb671-46f2 ns=search use_case_name=memory_leak leak_probability=0.3537 risk_level=LOW lstm=0.6494 online_rf=0.3162 isolation_forest=0.0955. Should we act, and how?",No action — LOW probability and no anomaly flag. Keep the baseline: this row feeds pod_baselines so the model keeps learning pricing-engine's normal profile.
"predictions row: pod=inventory-sync-1e38439c-d469 ns=checkout use_case_name=memory_leak leak_probability=0.4779 risk_level=MEDIUM lstm=0.3696 online_rf=0.3269 isolation_forest=0.7373. Should we act, and how?","Watch, don't act: MEDIUM risk with model disagreement means noisy signal. Add inventory-sync to the prediction_schedule at a tighter interval and alert only if two consecutive windows stay above 0.65."
"predictions row: pod=search-indexer-29fbd3d7-7a32 ns=auth use_case_name=memory_leak leak_probability=0.4383 risk_level=MEDIUM lstm=0.3298 online_rf=0.5683 isolation_forest=0.4168. Should we act, and how?","Watch, don't act: MEDIUM risk with model disagreement means noisy signal. Add search-indexer to the prediction_schedule at a tighter interval and alert only if two consecutive windows stay above 0.65."
"predictions row: pod=inventory-sync-a589672-267c ns=notifications use_case_name=memory_leak leak_probability=0.5494 risk_level=MEDIUM lstm=0.2433 online_rf=0.8925 isolation_forest=0.5123. Should we act, and how?","Watch, don't act: MEDIUM risk with model disagreement means noisy signal. Add inventory-sync to the prediction_schedule at a tighter interval and alert only if two consecutive windows stay above 0.65."
"predictions row: pod=auth-gateway-3a002764-aa69 ns=auth use_case_name=memory_leak leak_probability=0.5417 risk_level=MEDIUM lstm=0.9767 online_rf=0.4685 isolation_forest=0.1798. Should we act, and how?","Watch, don't act: MEDIUM risk with model disagreement means noisy signal. Add auth-gateway to the prediction_schedule at a tighter interval and alert only if two consecutive windows stay above 0.65."
"predictions row: pod=auth-gateway-5ce4438-5971 ns=checkout use_case_name=memory_leak leak_probability=0.2584 risk_level=LOW lstm=0.368 online_rf=0.1347 isolation_forest=0.2724. Should we act, and how?",No action — LOW probability and no anomaly flag. Keep the baseline: this row feeds pod_baselines so the model keeps learning auth-gateway's normal profile.
"predictions row: pod=search-indexer-cefe455-a48 ns=search use_case_name=memory_leak leak_probability=0.5387 risk_level=MEDIUM lstm=0.7472 online_rf=0.4339 isolation_forest=0.4349. Should we act, and how?","Watch, don't act: MEDIUM risk with model disagreement means noisy signal. Add search-indexer to the prediction_schedule at a tighter interval and alert only if two consecutive windows stay above 0.65."
"predictions row: pod=auth-gateway-114b9c13-ad28 ns=auth use_case_name=memory_leak leak_probability=0.6156 risk_level=MEDIUM lstm=0.7495 online_rf=0.5133 isolation_forest=0.5841. Should we act, and how?","Watch, don't act: MEDIUM risk with model disagreement means noisy signal. Add auth-gateway to the prediction_schedule at a tighter interval and alert only if two consecutive windows stay above 0.65."
"predictions row: pod=notify-worker-2bf3c39d-101bd ns=checkout use_case_name=memory_leak leak_probability=0.7221 risk_level=HIGH lstm=0.5422 online_rf=0.785 isolation_forest=0.8392. Should we act, and how?","Yes — the ensemble agrees (spread 0.3), HIGH risk of a memory leak on notify-worker. Schedule a rolling restart in the next maintenance window, capture a heap profile before it, and raise the memory limit as a stopgap so the OOM does not land mid-traffic."
"predictions row: pod=checkout-web-39650270-7f35 ns=inventory use_case_name=memory_leak leak_probability=0.5033 risk_level=MEDIUM lstm=0.4076 online_rf=0.6506 isolation_forest=0.4516. Should we act, and how?","Watch, don't act: MEDIUM risk with model disagreement means noisy signal. Add checkout-web to the prediction_schedule at a tighter interval and alert only if two consecutive windows stay above 0.65."
"predictions row: pod=search-indexer-824d0b2-1082 ns=payments use_case_name=memory_leak leak_probability=0.6679 risk_level=HIGH lstm=0.4454 online_rf=0.7602 isolation_forest=0.798. Should we act, and how?","Yes — the ensemble agrees (spread 0.35), HIGH risk of a memory leak on search-indexer. Schedule a rolling restart in the next maintenance window, capture a heap profile before it, and raise the memory limit as a stopgap so the OOM does not land mid-traffic."
"predictions row: pod=pricing-engine-4ae4a80-c875 ns=payments use_case_name=memory_leak leak_probability=0.7897 risk_level=HIGH lstm=0.9151 online_rf=0.9132 isolation_forest=0.5409. Should we act, and how?","Yes — the ensemble agrees (spread 0.37), HIGH risk of a memory leak on pricing-engine. Schedule a rolling restart in the next maintenance window, capture a heap profile before it, and raise the memory limit as a stopgap so the OOM does not land mid-traffic."
"predictions row: pod=pricing-engine-fe6daec-37d4 ns=auth use_case_name=memory_leak leak_probability=0.4678 risk_level=MEDIUM lstm=0.2581 online_rf=0.1914 isolation_forest=0.9539. Should we act, and how?","Watch, don't act: MEDIUM risk with model disagreement means noisy signal. Add pricing-engine to the prediction_schedule at a tighter interval and alert only if two consecutive windows stay above 0.65."
"predictions row: pod=checkout-web-2cdd3ead-14b71 ns=notifications use_case_name=memory_leak leak_probability=0.6162 risk_level=MEDIUM lstm=0.8373 online_rf=0.8822 isolation_forest=0.1291. Should we act, and how?","Watch, don't act: MEDIUM risk with model disagreement means noisy signal. Add checkout-web to the prediction_schedule at a tighter interval and alert only if two consecutive windows stay above 0.65."
"predictions row: pod=payments-api-32112e3f-4055 ns=payments use_case_name=memory_leak leak_probability=0.6074 risk_level=MEDIUM lstm=0.2663 online_rf=0.9055 isolation_forest=0.6503. Should we act, and how?","Watch, don't act: MEDIUM risk with model disagreement means noisy signal. Add payments-api to the prediction_schedule at a tighter interval and alert only if two consecutive windows stay above 0.65."
"predictions row: pod=search-indexer-2818211b-80eb ns=checkout use_case_name=memory_leak leak_probability=0.5862 risk_level=MEDIUM lstm=0.5413 online_rf=0.4568 isolation_forest=0.7604. Should we act, and how?","Watch, don't act: MEDIUM risk with model disagreement means noisy signal. Add search-indexer to the prediction_schedule at a tighter interval and alert only if two consecutive windows stay above 0.65."
"predictions row: pod=checkout-web-1338ec33-10c82 ns=payments use_case_name=memory_leak leak_probability=0.4828 risk_level=MEDIUM lstm=0.9275 online_rf=0.2283 isolation_forest=0.2926. Should we act, and how?","Watch, don't act: MEDIUM risk with model disagreement means noisy signal. Add checkout-web to the prediction_schedule at a tighter interval and alert only if two consecutive windows stay above 0.65."
"predictions row: pod=payments-api-22660314-9a60 ns=payments use_case_name=memory_leak leak_probability=0.5433 risk_level=MEDIUM lstm=0.9766 online_rf=0.3091 isolation_forest=0.3442. Should we act, and how?","Watch, don't act: MEDIUM risk with model disagreement means noisy signal. Add payments-api to the prediction_schedule at a tighter interval and alert only if two consecutive windows stay above 0.65."
"predictions row: pod=auth-gateway-21ae88b7-7833 ns=auth use_case_name=memory_leak leak_probability=0.3563 risk_level=LOW lstm=0.5587 online_rf=0.0772 isolation_forest=0.433. Should we act, and how?",No action — LOW probability and no anomaly flag. Keep the baseline: this row feeds pod_baselines so the model keeps learning auth-gateway's normal profile.
"predictions row: pod=search-indexer-164f6e8-6363 ns=payments use_case_name=memory_leak leak_probability=0.5438 risk_level=MEDIUM lstm=0.5134 online_rf=0.6773 isolation_forest=0.4406. Should we act, and how?","Watch, don't act: MEDIUM risk with model disagreement means noisy signal. Add search-indexer to the prediction_schedule at a tighter interval and alert only if two consecutive windows stay above 0.65."
"predictions row: pod=search-indexer-2ab5f1f0-d940 ns=checkout use_case_name=memory_leak leak_probability=0.4177 risk_level=MEDIUM lstm=0.9104 online_rf=0.2609 isolation_forest=0.0817. Should we act, and how?","Watch, don't act: MEDIUM risk with model disagreement means noisy signal. Add search-indexer to the prediction_schedule at a tighter interval and alert only if two consecutive windows stay above 0.65."
"predictions row: pod=notify-worker-1aea6740-b981 ns=notifications use_case_name=memory_leak leak_probability=0.5701 risk_level=MEDIUM lstm=0.6848 online_rf=0.2342 isolation_forest=0.7913. Should we act, and how?","Watch, don't act: MEDIUM risk with model disagreement means noisy signal. Add notify-worker to the prediction_schedule at a tighter interval and alert only if two consecutive windows stay above 0.65."
"predictions row: pod=checkout-web-1fb97a15-669c ns=checkout use_case_name=memory_leak leak_probability=0.4724 risk_level=MEDIUM lstm=0.3399 online_rf=0.8126 isolation_forest=0.2647. Should we act, and how?","Watch, don't act: MEDIUM risk with model disagreement means noisy signal. Add checkout-web to the prediction_schedule at a tighter interval and alert only if two consecutive windows stay above 0.65."
"predictions row: pod=auth-gateway-30ab8d74-9701 ns=inventory use_case_name=memory_leak leak_probability=0.4662 risk_level=MEDIUM lstm=0.1514 online_rf=0.6299 isolation_forest=0.6174. Should we act, and how?","Watch, don't act: MEDIUM risk with model disagreement means noisy signal. Add auth-gateway to the prediction_schedule at a tighter interval and alert only if two consecutive windows stay above 0.65."
"predictions row: pod=auth-gateway-1ab09ab8-154a1 ns=auth use_case_name=memory_leak leak_probability=0.5377 risk_level=MEDIUM lstm=0.1025 online_rf=0.6032 isolation_forest=0.9074. Should we act, and how?","Watch, don't act: MEDIUM risk with model disagreement means noisy signal. Add auth-gateway to the prediction_schedule at a tighter interval and alert only if two consecutive windows stay above 0.65."
"predictions row: pod=payments-api-1832201-13137 ns=checkout use_case_name=memory_leak leak_probability=0.1287 risk_level=LOW lstm=0.182 online_rf=0.0982 isolation_forest=0.1059. Should we act, and how?",No action — LOW probability and no anomaly flag. Keep the baseline: this row feeds pod_baselines so the model keeps learning payments-api's normal profile.
